,Rating,Speed
count,3.0,3.0
mean,12.333333333333334,2900.0
std,2.5166114784235836,529.1502622129182
min,10.0,2500.0
25%,11.0,2600.0
50%,12.0,2700.0
75%,13.5,3100.0
max,15.0,3500.0
